[
  {
    "id": 1,
    "category": "general",
    "text": "તું મારું હ્રદય છે."
  },
  {
    "id": 2,
    "category": "general",
    "text": "તારી સ્મિત મારા દિવસને ખાસ બનાવે છે."
  },
  {
    "id": 3,
    "category": "general",
    "text": "હૃદયની દરેક યાદ ગહરી અને અમૂલ્ય છે."
  },
  {
    "id": 4,
    "category": "general",
    "text": "જીવન એક સફર છે અને તારી સાથે તે મીઠી છે."
  },
  {
    "id": 5,
    "category": "general",
    "text": "તારી સ્મૃતિઓ મારો સહારો છે."
  },
  {
    "id": 6,
    "category": "general",
    "text": "હ્રદયસ્પર્શી વાતો જીવનને સુંદર બનાવે છે."
  },
  {
    "id": 7,
    "category": "general",
    "text": "તારી સ્મિતે દિવસ ઉજ્જવલ બની જાય છે."
  },
  {
    "id": 8,
    "category": "general",
    "text": "ક્યારેક ઉમ્મીદો તણાવમાંથી જન્મે છે."
  },
  {
    "id": 9,
    "category": "general",
    "text": "પવિત્ર સંબંધો શબ્દોથી આગળ હોય છે."
  },
  {
    "id": 10,
    "category": "general",
    "text": "મુકામ તો નથી, પરંતુ તારા વિના બધું અધૂરું છે."
  }
]