[
  {
    "id": 1,
    "category": "general",
    "text": "तुम मेरी धड़कन हो।"
  },
  {
    "id": 2,
    "category": "general",
    "text": "तुम्हारी मुस्कान मेरे दिल की सबसे खूबसूरत वजह है।"
  },
  {
    "id": 3,
    "category": "general",
    "text": "दिल की हर दुआ में तेरा नाम आता है।"
  },
  {
    "id": 4,
    "category": "general",
    "text": "टूटे हुए दिल भी कभी-कभी हंस देते हैं।"
  },
  {
    "id": 5,
    "category": "general",
    "text": "कुछ लोग नसीब होते हैं, कुछ लोग फ़साने।"
  },
  {
    "id": 6,
    "category": "general",
    "text": "ज़िन्दगी उन्हीं को मिलती है, जो सपनों से हारते नहीं।"
  },
  {
    "id": 7,
    "category": "general",
    "text": "तेरी यादों में बीते हर लम्हे को संजो कर रखता हूँ।"
  },
  {
    "id": 8,
    "category": "general",
    "text": "मोहब्बत का मतलब सिर्फ साथ नहीं, समझना भी है।"
  },
  {
    "id": 9,
    "category": "general",
    "text": "वो जो चले गए, उनकी यादें अभी भी घर में हैं।"
  },
  {
    "id": 10,
    "category": "general",
    "text": "हर सुबह तेरी एक मुस्कान से खास बनती है।"
  }
]